"","x"
"1",""
"2","DDX59"
"3","KRTAP17-1"
"4",""
"5","GOLGA4-AS1"
"6",""
"7","DNAH1"
"8","ARPC5"
"9","SERPINB6"
"10","NIN"
"11","SLAMF6P1"
"12",""
"13",""
"14",""
"15","MOB3C"
"16","XRCC6P1"
"17","LINC02149"
"18","LINC02694"
"19",""
"20",""
"21",""
"22","IGFL1"
"23","DNAJB6P2"
"24",""
"25","P3R3URF"
"26","PHACTR3-AS1"
"27","HIGD1AP12"
"28","PGGT1B"
"29",""
"30",""
"31",""
"32",""
"33",""
"34","NUDT8"
"35",""
"36","RN7SKP136"
"37","ALB"
"38",""
"39",""
"40","CPM"
"41","PFN1P9"
"42",""
"43","PDHA1"
"44","LORICRIN"
"45","XRCC2"
"46","PSMC1"
"47","PDZRN3"
"48","MTND3P8"
"49",""
"50","ANKRD20A18P"
"51","RN7SL3"
"52","SNORA15"
"53","ALPK3"
"54",""
"55","RNU7-182P"
"56","IFNA12P"
"57","HSH2D"
"58","MIR128-2"
"59","TRMT112P2"
"60",""
"61","ZNF350-AS1"
"62",""
"63","CLCA4"
"64",""
"65","MAGEA9B"
"66","C4BPAP2"
"67",""
"68",""
"69","MYF5"
"70",""
"71","LINC01352"
"72","RNU6-837P"
"73","F13A1"
"74","FEM1AP1"
"75","CMC2"
"76","PRODH"
"77","MIR133A1HG"
"78","PCTP"
"79",""
"80",""
"81",""
"82",""
"83","MTND4P33"
"84","AGR2"
"85","LINC00680"
"86",""
"87","CHP2"
"88","FRY"
"89","SMTNL1"
"90","IGLVI-20"
"91","SEC22A"
"92","TRBV14"
"93","PHBP19"
"94","OPRD1"
"95","MAGEA4-AS1"
"96",""
"97","FBXO32"
"98","GPC5-IT1"
"99",""
"100","PDCD5"
"101","HTR5BP"
"102","RAB6B"
"103",""
"104",""
"105","APCS"
"106","DHDDS"
"107","LINC02312"
"108",""
"109","IL37"
"110",""
"111","C11orf80"
"112","RPL23AP62"
"113","RNU6-236P"
"114","SELL"
"115",""
"116","LINC00955"
"117","KLKP1"
"118","RPL31P41"
"119","ANGPTL8"
"120","CD109"
"121","ELOCP21"
"122","IL1RAP"
"123",""
"124",""
"125",""
"126","RN7SL260P"
"127",""
"128",""
"129","CASP7"
"130",""
"131",""
"132","UBA52"
"133",""
"134","CHCHD2P2"
"135","TSR1"
"136","KCTD21-AS1"
"137","GOLGA8R"
"138",""
"139",""
"140","ITGB5"
"141","HNRNPA1P70"
"142",""
"143",""
"144",""
"145",""
"146",""
"147","NICN2P"
"148","MIR4447"
"149","OR11G2"
"150","FAM24A"
"151",""
"152",""
"153",""
"154","CNOT9"
"155","MRPL17"
"156","RPS26P54"
"157","PROP1"
"158","CD164"
"159","TINAG"
"160","RPUSD3"
"161",""
"162","MIR6724-1"
"163","ST13P3"
"164",""
"165","LINC02120"
"166","SNX18P13"
"167",""
"168","PRR19"
"169",""
"170","PRSS21"
"171",""
"172",""
"173","RN7SKP33"
"174",""
"175",""
"176",""
"177",""
"178","DUX4L21"
"179","SHROOM3"
"180","FMOD"
"181","RNU6-699P"
"182",""
"183","C1GALT1"
"184","MUC5AC"
"185",""
"186",""
"187","LINC01809"
"188","IGKV1-6"
"189","PIP4P2"
"190","ACTBP12"
"191","YBX1P1"
"192",""
"193","MAPRE3-AS1"
"194","WFDC11"
"195","C6orf141"
"196",""
"197",""
"198","RNA5SP468"
"199","STK17B"
"200","CALM2P1"
"201","ZCRB1"
"202",""
"203","FCF1P9"
"204","IGKJ1"
"205","PRR14"
"206",""
"207","MIR6819"
"208",""
"209","RNU6-20P"
"210","RNA5SP473"
"211","SMIM11P1"
"212","LINC00543"
"213",""
"214","DDRGK1"
"215","ZNF703"
"216","SH2B2"
"217","LINC00364"
"218","CCDC102B"
"219","IGHVII-40-1"
"220","COL12A1"
"221","RPL7"
"222","MPL"
"223","LINC00467"
"224","ZNF619"
"225","MFAP4"
"226","ARL5A"
"227",""
"228","RALBP1P1"
"229","FNDC1"
"230","COLEC11"
"231","TMEM231"
"232",""
"233","SLITRK4"
"234","PROM1"
"235","FABP6"
"236","CDC27P1"
"237","TTTY11"
"238","EWSR1"
"239",""
"240",""
"241",""
"242",""
"243","ZNF890P"
"244","NAALADL2-AS2"
"245","PHTF2"
"246","FOXK1"
"247","KLRC4"
"248","C6orf226"
"249","KCNJ18"
"250","PMS2P12"
"251",""
"252",""
"253",""
"254","MRPS36P3"
"255",""
"256",""
"257","MRPL4"
"258","LINC01455"
"259","MYLKP1"
"260","ABHD13"
"261",""
"262","SRP68P2"
"263",""
"264","MIR3688-1"
"265",""
"266","PTPN18"
"267",""
"268","GRID2IP"
"269",""
"270",""
"271","COX6A1"
"272",""
"273","FBXO30"
"274",""
"275","TCEA1P4"
"276","ZNF549"
"277",""
"278",""
"279","ZNF155"
"280",""
"281","ZNF528"
"282",""
"283","ZNHIT1"
"284","SPAG11A"
"285","WIPI1"
"286","LMNTD1"
"287",""
"288","OR9K1P"
"289","ISL2"
"290","PSKH1"
"291","TRAPPC2L"
"292",""
"293",""
"294","GIHCG"
"295","MST1L"
"296","ANXA11"
"297","RAB42"
"298","CCDC42"
"299","ADAMTS15"
"300",""
"301","NMNAT1P5"
"302","FRMPD2"
"303","LCEP2"
"304","LRRTM3"
"305",""
"306",""
"307","RPL7P41"
"308",""
"309","ATP6V0E1"
"310","MIR498"
"311","MIR7843"
"312","BIRC2"
"313",""
"314","CDK18"
"315","RPL36AP43"
"316","DPY19L2P4"
"317",""
"318","IKBKGP1"
"319","RPL39P5"
"320",""
"321","DDX39BP1"
"322","RPS23P8"
"323","PQLC1P1"
"324","NFKBID"
"325","MCM8"
"326","CERT1"
"327","RNU6-273P"
"328","UQCR10"
"329","MIR147A"
"330","ECSIT"
"331","RUBCN"
"332","POLR3F"
"333",""
"334","COQ7-DT"
"335","UBAP2"
"336",""
"337",""
"338","MYOF"
"339","C1DP3"
"340",""
"341","H2AP"
"342",""
"343",""
"344","TAPT1"
"345","FRG2JP"
"346","RNU6-1331P"
"347","OPA3"
"348","WASHC2A"
"349","CICP10"
"350","IFNA11P"
"351",""
"352","IBA57-DT"
"353",""
"354",""
"355","UPK3BL1"
"356","CACUL1"
"357",""
"358",""
"359","ZMAT3"
"360","ABI3BP"
"361","TRAF3IP3"
"362","RN7SKP8"
"363",""
"364","SGCZ"
"365","RBBP4P2"
"366","ZDHHC20P4"
"367","ITPRID1"
"368",""
"369","DLST"
"370",""
"371","GLCCI1"
"372","GCC1"
"373","KIZ-AS1"
"374","FAM171A1"
"375","PHBP11"
"376",""
"377","LINC00601"
"378","HNRNPA1P35"
"379",""
"380","RRP7BP"
"381","LIMD1"
"382","MIR526A1"
"383","RNU7-27P"
"384",""
"385",""
"386","RBM4"
"387","ARHGAP9"
"388",""
"389",""
"390","ILDR1"
"391","SH3BP4"
"392","RNA5SP142"
"393","LINC02132"
"394","STRCP1"
"395","SEMG1"
"396","LINC01672"
"397","ADI1P3"
"398",""
"399",""
"400",""
"401",""
"402","PRDX6"
"403","CHAT"
"404","MARVELD1"
"405","MIR342"
"406","LRRTM2"
"407","MIR4424"
"408","ATXN7L2"
"409","EIF4A1P10"
"410",""
"411",""
"412","ETS1"
"413","ELOCP27"
"414","RN7SL395P"
"415","RNU6-990P"
"416","TVP23B"
"417",""
"418","RNU6-1279P"
"419","MTCO3P7"
"420",""
"421","FAM197Y3"
"422","PHF24"
"423",""
"424","FAM71D"
"425",""
"426","C2orf68"
"427","DYNC2H1"
"428","FAM86MP"
"429",""
"430","JCHAINP1"
"431","IER5L"
"432","BZW1-AS1"
"433",""
"434","C20orf181"
"435","C7orf57"
"436","KRT77"
"437","RSPH1"
"438",""
"439","RPL39P3"
"440",""
"441","NUDT16L2P"
"442",""
"443",""
"444","TEKT5"
"445","SPDYE1"
"446","FASN"
"447",""
"448",""
"449",""
"450",""
"451","ATP5MC2P3"
"452","CASC3"
"453","HNRNPA1P32"
"454",""
"455","FILIP1"
"456","LINC00158"
"457",""
"458","RN7SL692P"
"459","SEC14L1"
"460",""
"461",""
"462",""
"463","HNRNPA1P56"
"464",""
"465","CORO2A"
"466","SLC25A15P5"
"467",""
"468","OR13H1"
"469","GNL3"
"470","AKR1B10P1"
"471","DRD3"
"472","CCNE2"
"473","MIR8081"
"474","C11orf53"
"475","DARS1-AS1"
"476","SOCS1"
"477",""
"478","PRICKLE1"
"479","CTSLP2"
"480",""
"481",""
"482","LRRC46"
"483","RNU2-58P"
"484",""
"485",""
"486","DNAJC16"
"487","TBC1D3H"
"488","DPP10-AS1"
"489","GSTCD-AS1"
"490",""
"491","OR4S2"
"492","OR10G8"
"493",""
"494",""
"495","SNX18P25"
"496","LMF1-AS1"
"497","RPL14"
"498","SIAH3"
"499",""
"500","HNRNPA3P16"
"501",""
"502","LRAT"
"503","COA4"
"504","PPFIA3"
"505","LINC02836"
"506","PHPT1"
"507","PTBP2"
"508","CCNYL1"
"509","ZEB2"
"510","CENPL"
"511","NR2F2"
"512","EPG5"
"513",""
"514","TUBA4A"
"515","SIGLECL1"
"516","RNU6-56P"
"517","LINC01846"
"518",""
"519",""
"520",""
"521","MIR4292"
"522","MIR9500"
"523","CNP"
"524","MIR5091"
"525","RNU6-996P"
"526","RN7SL811P"
"527",""
"528","P4HA2"
"529",""
"530","RAB11FIP3"
"531","RNU6-912P"
"532","CBWD3"
"533",""
"534","MTCO1P56"
"535","HSPE1P13"
"536","FARSBP1"
"537","RPS5P7"
"538","KNOP1P4"
"539","PSME3"
"540","CCDC182"
"541",""
"542",""
"543",""
"544","LINC00960"
"545","WNT5A-AS1"
"546",""
"547","TPSD1"
"548","TOB2"
"549",""
"550","TMEM14B-DT"
"551","RNU6-529P"
"552",""
"553",""
"554","OR14K1"
"555","IGKV1-16"
"556",""
"557","SYT1"
"558","HIVEP3"
"559",""
"560","RNU6-1039P"
"561","MIR8080"
"562","MIR4503"
"563","WBP1"
"564","PPIAP64"
"565","RPL36P2"
"566","HTR2A-AS1"
"567","GCSHP2"
"568","MIR4330"
"569",""
"570","ELOA-AS1"
"571","GARNL3"
"572","DGCR6L"
"573","RPL37P21"
"574","BORCS8"
"575",""
"576","LINC02031"
"577",""
"578","VEGFC"
"579","LINC01706"
"580","MAP3K14-AS1"
"581",""
"582","COL9A2"
"583","LINC02588"
"584","IMMT"
"585","RNA5SP395"
"586","RPS21"
"587","CD53"
"588",""
"589","RNU6-1059P"
"590","RNU6-233P"
"591",""
"592","MIR3689D1"
"593","LINC02371"
"594","YBX3P1"
"595",""
"596","SNHG6"
"597","HMGB1P17"
"598","STAG3L2"
"599","LSM3P2"
"600",""
"601","YWHAZP10"
"602","MRPS10"
"603","OR4K11P"
"604","BCRP6"
"605","NAV2"
"606","DGKZ"
"607",""
"608","RNA5SP401"
"609","RNY3P13"
"610","CCNE1"
"611","KRT79"
"612",""
"613","PDS5B"
"614","MIR6787"
"615","LINC02563"
"616","HMBOX1"
"617","OR7E94P"
"618",""
"619","VAX1"
"620",""
"621","METTL3"
"622",""
"623","MIR376B"
"624",""
"625","RN7SKP256"
"626","FNBP1"
"627","LINC02528"
"628","BAALC"
"629",""
"630","LINC00337"
"631","PLS1"
"632","C2orf66"
"633",""
"634","MDH1P1"
"635","POLR2LP1"
"636",""
"637",""
"638",""
"639","SPATC1"
"640","JARID2-DT"
"641","ALOX15B"
"642","RPL36AP10"
"643","EMX2OS"
"644","SLC4A10"
"645","TMSB15B"
"646","DENND2D"
"647","PKDREJ"
"648","ACOT6"
"649","INTS4P2"
"650","REXO1L12P"
"651",""
"652",""
"653",""
"654","DHX57"
"655",""
"656","NSD2"
"657","RNU6-1224P"
"658","MED4"
"659",""
"660","CUBNP1"
"661","RPL7L1P9"
"662","IL13RA2"
"663","ELK2BP"
"664","MT-RNR2"
"665",""
"666","SEC14L1P1"
"667",""
"668",""
"669","ZNF37A"
"670","WBP1LP4"
"671","COL5A3"
"672","FOXJ2"
"673",""
"674",""
"675","TAC3"
"676","KRT18P35"
"677","FAM71E2"
"678","EIF4EP5"
"679","DBF4P3"
"680",""
"681",""
"682",""
"683","C19orf48"
"684",""
"685","WASH9P"
"686","ZMYM1"
"687","VCY1B"
"688",""
"689","LINC01902"
"690","PTPRR"
"691",""
"692",""
"693","GAPDHP66"
"694",""
"695",""
"696","VTA1"
"697","MIR6832"
"698","PHKG1P3"
"699","OR10D5P"
"700","RNF39"
"701","NPEPPSP1"
"702","PPP4C"
"703",""
"704","TMSB4XP1"
"705","OR11H1"
"706",""
"707","RNU6-1141P"
"708","SLC12A5-AS1"
"709","NPM1P30"
"710",""
"711",""
"712","FAM138A"
"713",""
"714","OR4K3"
"715","KCNK17"
"716","ZNF160"
"717","MSRB2"
"718","XACT"
"719","GFOD1"
"720",""
"721","ZSWIM8-AS1"
"722","RNU2-60P"
"723","UBA6-AS1"
"724",""
"725","OR4X2"
"726",""
"727","RSRC2"
"728","RN7SL716P"
"729",""
"730","HSPD1P10"
"731","RNU6-26P"
"732","RNU6-393P"
"733","E2F3-IT1"
"734","ARID5B"
"735","PIPOX"
"736","ZNF439"
"737","RTL1"
"738","C11orf98P1"
"739","SEC13"
"740",""
"741","CDYL"
"742",""
"743","LRRC14"
"744","GAPDHP31"
"745","ABALON"
"746","TMEM200A"
"747",""
"748","HK1"
"749","LYPD1"
"750",""
"751",""
"752","LANCL1"
"753","MIR627"
"754","KBTBD6"
"755","RNA5SP371"
"756","NSMF"
"757",""
"758","RBM11P1"
"759","RN7SKP97"
"760","CSK"
"761",""
"762","TTC22"
"763","MIR548AD"
"764","FAM3D-AS1"
"765","ACBD6"
"766",""
"767","RHOF"
"768",""
"769",""
"770",""
"771",""
"772","MIR519A1"
"773","MLLT11"
"774",""
"775","FMNL1"
"776","INPP4A"
"777","KIAA2012-AS1"
"778",""
"779","ATOH7"
"780","SYNPO2"
"781","NET1"
"782",""
"783",""
"784","ZAP70"
"785","RNVU1-1"
"786","ABCC6P2"
"787",""
"788","CGB3"
"789","STEAP2-AS1"
"790","LRRC58"
"791",""
"792","FAM66E"
"793","OR5BB1P"
"794",""
"795","OR4C48P"
"796","CCNG1"
"797","DUX4L52"
"798","C1orf146"
"799",""
"800","LATS1"
"801","ADAM20P3"
"802",""
"803","MTCYBP35"
"804","ASGR2"
"805","RNU6-348P"
"806","PNPLA4"
"807",""
"808",""
"809","MIR7107"
"810","RBMY2TP"
"811","IMMP1LP1"
"812","TRAV8-6"
"813","KCNN3"
"814","WDR7"
"815",""
"816",""
"817",""
"818","H2BC20P"
"819","PDE4D"
"820","ECT2L"
"821",""
"822","PCYT2"
"823","BNIP3P13"
"824","BIK"
"825","METTL2A"
"826",""
"827","HMGB3P11"
"828","UGGT2"
"829",""
"830","RNA5SP268"
"831","HEATR6"
"832","PDCD5P1"
"833",""
"834","C12orf50"
"835",""
"836","RNU6-298P"
"837","OR52L2P"
"838","LINC02143"
"839","RNU7-148P"
"840",""
"841","NADSYN1"
"842",""
"843","MKNK2P1"
"844","COL4A6"
"845","ZPLD1"
"846",""
"847","RPL32P21"
"848",""
"849","PINLYP"
"850","CDK2AP2"
"851","PTOV1-AS1"
"852","E2F4"
"853",""
"854",""
"855",""
"856","RPSAP53"
"857","ADAD1P2"
"858",""
"859",""
"860",""
"861","NRROS"
"862","MAGI3"
"863","PARP4P1"
"864",""
"865","MIR6772"
"866","DDOST"
"867",""
"868","PPP4R3B"
"869","ZNF90"
"870",""
"871",""
"872","RPS26P56"
"873","CCNB1"
"874",""
"875","RNA5SP136"
"876","RAP1BL"
"877","INTS14"
"878","SPZ1"
"879",""
"880","RNA5SP218"
"881","MEP1A"
"882",""
"883",""
"884","RPS4XP19"
"885","UBDP1"
"886","NACC1"
"887",""
"888",""
"889","CD79A"
"890","CLCNKA"
"891","RNU4-23P"
"892","OLMALINC"
"893",""
"894","AKR7A2"
"895",""
"896","MYO5B"
"897","POLH-AS1"
"898",""
"899","LINC01549"
"900",""
"901","CCDC157"
"902","GRAMD4P3"
"903","NUPR1"
"904","RFT1"
"905","FMO7P"
"906","OR2AM1P"
"907","DIS3L-AS1"
"908","RARRES2P9"
"909",""
"910","MIR4771-1"
"911","BMP6"
"912",""
"913","HNRNPA1P8"
"914","GMCL2"
"915",""
"916","MIR548Q"
"917",""
"918","SCOCP1"
"919","ITPR2"
"920","MIR3136"
"921",""
"922","LINC02801"
"923","ZRANB2-AS1"
"924","RPL7P33"
"925","FABP5P7"
"926",""
"927","ALOX5"
"928","MSC"
"929","RASA4"
"930","MPP5"
"931","RSPH10B2"
"932","TMX2P1"
"933","LINC00683"
"934","LINC01740"
"935","CCT8L2"
"936","RNU6-1220P"
"937","MAP2K1"
"938",""
"939",""
"940",""
"941","UBTFL9"
"942","LINC01499"
"943","ADGRF5"
"944","ST6GALNAC2P1"
"945","MIR181A1"
"946","TMEM88"
"947","SLC26A2"
"948","NAT8L"
"949","RPS23"
"950","RNASE7"
"951","SPDYE19P"
"952",""
"953","APOC2"
"954","TBL2"
"955",""
"956","CFAP100"
"957","HNRNPA1P9"
"958","RPL37"
"959",""
"960",""
"961","DDX50"
"962",""
"963","EIF3F"
"964",""
"965","ERAL1"
"966","RNU5B-3P"
"967","LINC01303"
"968","RNA5SP59"
"969","EGR2"
"970",""
"971",""
"972",""
"973","ZNF79"
"974",""
"975","RN7SKP227"
"976","CSPG4BP"
"977","MYOCD-AS1"
"978","KRT36"
"979",""
"980","NUS1P1"
"981","TOR1AIP1"
"982","PNRC1-DT"
"983","IGLV3-25"
"984","RNU6-99P"
"985","LINC00500"
"986","OR4B1"
"987","FKBP1AP3"
"988",""
"989",""
"990","STX18"
"991",""
"992","GPATCH11"
"993",""
"994","SCUBE1"
"995","DUX4L24"
"996",""
"997",""
"998","TRAF3IP2"
"999","USP9YP21"
"1000",""
"1001",""
"1002","RN7SKP142"
"1003","TSPYL1"
"1004",""
"1005","IQCF6"
"1006","ESRG"
"1007","SVOPL"
"1008","ALG11"
"1009","CCDC186"
"1010","RNU6-420P"
"1011",""
"1012","ARHGEF35"
"1013","LINC01400"
"1014","FSD1"
"1015","SNORD99"
"1016","OR10D3"
"1017","KRT18P25"
"1018","ITPRIP-AS1"
"1019","TMEM179"
"1020",""
"1021",""
"1022","RASL10A"
"1023","EIF4BP5"
"1024","RPL7P37"
"1025",""
"1026","HSPA7"
"1027","RHPN2"
"1028","PCNX2"
"1029","POU1F1"
"1030","IGHV3-48"
"1031","COX7A2P1"
"1032","HSPA13"
"1033",""
"1034","ERICH3"
"1035","EVI2A"
"1036","TICAM1"
"1037","RNA5SP317"
"1038","CNGA2"
"1039",""
"1040",""
"1041",""
"1042",""
"1043","TBC1D3P7"
"1044","LAT2"
"1045","KCNE1B"
"1046","IL4"
"1047","OR2M3"
"1048","RNU5A-3P"
"1049","HLA-DQA2"
"1050","HLA-A"
"1051","LCMT2"
"1052","CMTM1"
"1053","RN7SL667P"
"1054","TM7SF2"
"1055",""
"1056","C1GALT1P2"
"1057","SNORD54"
"1058","OR4A40P"
"1059","STARP1"
"1060","LINC02552"
"1061",""
"1062","DEFB125"
"1063","P3H4"
"1064",""
"1065","SERP1"
"1066",""
"1067",""
"1068","HLCS-IT1"
"1069",""
"1070","DEFB118"
"1071","RP9"
"1072","ARHGEF7-IT1"
"1073","EHF"
"1074","LINC00424"
"1075","RNA5SP225"
"1076","CCDC9B"
"1077",""
"1078",""
"1079",""
"1080","NEFM"
"1081","CCDC27"
"1082",""
"1083","LANCL1-AS1"
"1084","GALR2"
"1085","LINC02177"
"1086","PRR20C"
"1087",""
"1088","COX6CP8"
"1089","HIF1AN"
"1090","ACTG1P25"
"1091",""
"1092","HSP90AA5P"
"1093",""
"1094","PSMA3"
"1095","DDR2"
"1096","OR52D1"
"1097","MRPL35P4"
"1098","ACOXL"
"1099",""
"1100","SNORD114-11"
"1101","PLCE1P1"
"1102","C20orf96"
"1103","EIF5A"
"1104","RPL31P12"
"1105","FAM111B"
"1106","GLRA3"
"1107","ZBED6CL"
"1108","FAM83C-AS1"
"1109","RNF40"
"1110","SMARCE1P7"
"1111","ELMOD1"
"1112","PSMB7P1"
"1113",""
"1114","NLRP5"
"1115","NDRG4"
"1116","LINC02016"
"1117","RNU6-231P"
"1118","DGKI"
"1119","LINC00944"
"1120",""
"1121","RNU6-255P"
"1122","HOXD3"
"1123",""
"1124","EFEMP2"
"1125","USP17L8"
"1126",""
"1127","CYCSP39"
"1128","CEP57L1P1"
"1129",""
"1130","SOGA1"
"1131",""
"1132","REPS2"
"1133",""
"1134","CNN2P6"
"1135","SPTLC1P2"
"1136",""
"1137","IGHV3-29"
"1138",""
"1139","NT5DC1"
"1140","ZFP92"
"1141",""
"1142",""
"1143",""
"1144","RNU6-344P"
"1145","IFIT5"
"1146","TSPY20P"
"1147",""
"1148","PTMAP6"
"1149","CBX3P4"
"1150","ABR"
"1151","MAGEA4"
"1152","LINC02841"
"1153","MIR5186"
"1154","RSPH3"
"1155","MUC3A"
"1156","STBD1"
"1157","SUCLA2"
"1158","LINC02365"
"1159","KRT8P28"
"1160","FRG1DP"
"1161","IL17RB"
"1162",""
"1163",""
"1164","CACNA2D3"
"1165","H1-12P"
"1166","RMND5B"
"1167","GRIN1"
"1168","RAB3C"
"1169","ADIG"
"1170","RSL24D1P2"
"1171","KRTAP9-4"
"1172","PDC"
"1173","OR9L1P"
"1174","MIR8059"
"1175","AGK"
"1176",""
"1177","FAM131B"
"1178","ZNF232"
"1179","SNRPD2P2"
"1180",""
"1181","UGT8"
"1182","WDR17"
"1183","DOHH"
"1184",""
"1185",""
"1186","LINC02087"
"1187","ADAMTS7"
"1188","CYB561A3"
"1189",""
"1190",""
"1191","RNU6-1130P"
"1192","F12"
"1193","EEF1A1P41"
"1194",""
"1195",""
"1196",""
"1197","DDX6P1"
"1198",""
"1199",""
"1200","BCAS4"
"1201","IGLV4-60"
"1202","UBBP2"
"1203",""
"1204","MBD3L3"
"1205","NCOR1P3"
"1206","PDE4DIPP3"
"1207","HBBP1"
"1208","IGKV1OR9-1"
"1209","RNU4-22P"
"1210","NAPSA"
"1211","MTCO3P16"
"1212","SLC25A25-AS1"
"1213","LINC00659"
"1214","MAGEL2"
"1215",""
"1216","OR51M1"
"1217","OR10Y1P"
"1218","LASP1"
"1219",""
"1220","SUB1P3"
"1221",""
"1222","CDY2B"
"1223","MTCO1P52"
"1224",""
"1225",""
"1226","UTF1"
"1227",""
"1228",""
"1229","GXYLT1P4"
"1230","BZW1"
"1231","COMMD1"
"1232","RNA5SP388"
"1233","MTND5P21"
"1234",""
"1235","CYP4A26P"
"1236",""
"1237",""
"1238","USP9YP20"
"1239","GTF3C6"
"1240","EPOP"
"1241","AMTN"
"1242","RNA5SP126"
"1243","RNU2-17P"
"1244","CTBP2"
"1245",""
"1246","RN7SKP202"
"1247","SULT1D1P"
"1248","AKR1B1P4"
"1249","OR6C68"
"1250",""
"1251",""
"1252",""
"1253",""
"1254","ADCK1"
"1255","RNA5SP180"
"1256","RPS3AP43"
"1257","LAMTOR2"
"1258",""
"1259","RPAIN"
"1260","UBE2I"
"1261",""
"1262",""
"1263","RNU6-971P"
"1264","CNN2P3"
"1265","CNKSR2"
"1266","CCDC127"
"1267","LINC02051"
"1268","PPIAP36"
"1269",""
"1270",""
"1271","BTC"
"1272","SNX18P14"
"1273","TP53TG3C"
"1274","CDRT15P6"
"1275","ITFG1"
"1276","RNA5SP138"
"1277","MIR4320"
"1278","EDEM1"
"1279",""
"1280","TRBV8-2"
"1281","RICTOR"
"1282","PTTG1IP"
"1283","SYN3"
"1284",""
"1285","OFD1P16Y"
"1286","RBMY2AP"
"1287","RN7SL687P"
"1288",""
"1289","PPP3CB"
"1290","OR1P1"
"1291",""
"1292",""
"1293","CASP1"
"1294",""
"1295","USP9YP28"
"1296","USP9YP5"
"1297",""
"1298","RPL10P11"
"1299",""
"1300","RNU6-291P"
"1301",""
"1302","CAP1P2"
"1303","CRYBG1"
"1304","AGAP14P"
"1305","RPS14P4"
"1306","MIR6768"
"1307","BCL9"
"1308","ABCC5"
"1309","DCAF16"
"1310","ECE1"
"1311",""
"1312","RPL14P5"
"1313","TTC23L"
"1314",""
"1315","RPL5P32"
"1316","TINAG-AS1"
"1317","SLC45A2"
"1318","PCOLCE2"
"1319","DUSP4"
"1320","TSPYL4"
"1321","YBX1P4"
"1322",""
"1323","CEP95"
"1324",""
"1325","MIR5583-2"
"1326",""
"1327","TMEM50B"
"1328","ADGRE1"
"1329",""
"1330","GTF2E1"
"1331","KCNQ1-AS1"
"1332",""
"1333",""
"1334","OR11H6"
"1335",""
"1336",""
"1337","HMGB1P22"
"1338",""
"1339","CAMTA1"
"1340",""
"1341","BTG1P1"
"1342","OR4P4"
"1343","KRT18P20"
"1344","RNU6-102P"
"1345",""
"1346","IL6STP1"
"1347","ABCA3"
"1348","LY9"
"1349","UBAP2L"
"1350","MIR5572"
"1351","ANKRD20A5P"
"1352",""
"1353","ALG1L15P"
"1354","MEP1AP1"
"1355","TATDN2P2"
"1356",""
"1357","LINC00926"
"1358","IKBKE"
"1359",""
"1360","RN7SL193P"
"1361",""
"1362","TATDN2P3"
"1363","ARHGEF6"
"1364","SERPINB8P1"
"1365","TP53AIP1"
"1366","TEK"
"1367","MTND3P7"
"1368",""
"1369","NAT16"
"1370",""
"1371","EEF1A1P27"
"1372","SOCS5P1"
"1373",""
"1374","HOXD9"
"1375","FTH1P1"
"1376","SLC9A3R1"
"1377","TMEM156"
"1378","PKMP4"
"1379","PLXNA1"
"1380","PTCD2P1"
"1381",""
"1382","IL1RAPL1"
"1383","NR2E3"
"1384","RNU6-753P"
"1385",""
"1386","AFF2"
"1387","UBA52P5"
"1388",""
"1389","RNA5SP414"
"1390","BOLA3"
"1391",""
"1392","MFGE8"
"1393","DAB2"
"1394","OR5K2"
"1395","HSPD1P4"
"1396",""
"1397","LINC01682"
"1398",""
"1399","SNORD87"
"1400","IHH"
"1401","SYT4"
"1402","LINC02459"
"1403","SNORD116-12"
"1404","SLC35G6"
"1405","FBXO3"
"1406",""
"1407","MIRLET7BHG"
"1408",""
"1409","RBBP6"
"1410","MCIDAS"
"1411","TM2D1"
"1412",""
"1413",""
"1414","PKHD1"
"1415",""
"1416","OLFML2A"
"1417","RPL35AP14"
"1418","CEACAM8"
"1419","ORC6"
"1420","MIR941-5"
"1421","ANXA2"
"1422",""
"1423","STRADB"
"1424","RPS28P7"
"1425",""
"1426",""
"1427","MIR132"
"1428","GNAI2"
"1429","RNU6-104P"
"1430",""
"1431","LHPP"
"1432","RNA5SP111"
"1433",""
"1434",""
"1435","FDPSP6"
"1436","SETP12"
"1437","MT-TQ"
"1438","TTC28-AS1"
"1439","NONO"
"1440","PRKG1-AS1"
"1441","COX10-AS1"
"1442","FGF9"
"1443","RPL29P12"
"1444","EXOC1L"
"1445","SNX6"
"1446","RNU6-853P"
"1447","PTTG1IP2"
"1448","MIR1255B1"
"1449","OR2AD1P"
"1450","NPIPB8"
"1451",""
"1452","RPS8P6"
"1453",""
"1454","PTS"
"1455","GPR79"
"1456","NIFKP8"
"1457","ETFB"
"1458","SHLD2P2"
"1459","IGLV3-2"
"1460","MTERF3"
"1461","BRD3"
"1462",""
"1463",""
"1464",""
"1465","TRAJ18"
"1466",""
"1467",""
"1468","RNU6-756P"
"1469","MTND5P22"
"1470","MTND2P29"
"1471","RPS17P13"
"1472","TLE4"
"1473","PRR5L"
"1474",""
"1475",""
"1476","GNA12"
"1477",""
"1478","BMF"
"1479","RNU7-47P"
"1480","KRR1P1"
"1481","CCDC78"
"1482",""
"1483","TEX53"
"1484",""
"1485",""
"1486","KLK9"
"1487","LINC00645"
"1488",""
"1489","MAGEB4"
"1490","PDPK1"
"1491",""
"1492","ENAM"
"1493",""
"1494",""
"1495","MRPL50P2"
"1496",""
"1497","DUSP1"
"1498","PTGES3L"
"1499","FOXJ1"
"1500","HNRNPA3P2"
"1501","NNT-AS1"
"1502",""
"1503","SIRT2"
"1504","LINC02427"
"1505","SNORA50A"
"1506",""
"1507",""
"1508","KLK7"
"1509",""
"1510","MIR4758"
"1511",""
"1512","OR51A8P"
"1513","RNU6-274P"
"1514","RPS2P39"
"1515","GIN1"
"1516",""
"1517",""
"1518","TRIM60P16"
"1519",""
"1520","SMIM17"
"1521","PRKAR1B-AS2"
"1522","LRRC37A4P"
"1523","IPO7"
"1524","ZDHHC4P1"
"1525",""
"1526",""
"1527",""
"1528","CEP72"
"1529","SNORA48"
"1530",""
"1531","SLC39A13"
"1532","PPP1R2C"
"1533",""
"1534","MANF"
"1535",""
"1536","COL21A1"
"1537",""
"1538","ZNF747"
"1539",""
"1540",""
"1541",""
"1542","SLC3A2"
"1543","RBM33"
"1544","ZNF70P1"
"1545",""
"1546","ATP2B4"
"1547","HMGB1P5"
"1548","PRPF31"
"1549",""
"1550",""
"1551",""
"1552","LINC01719"
"1553",""
"1554",""
"1555","RPL23AP22"
"1556","SLC6A13"
"1557",""
"1558","NDUFS1"
"1559","CD1D"
"1560",""
"1561",""
"1562","ZNF580"
"1563","KBTBD7"
"1564",""
"1565",""
"1566","ANKRD49P1"
"1567",""
"1568","DDX18P3"
"1569","MLEC"
"1570",""
"1571",""
"1572",""
"1573",""
"1574","TMEM59"
"1575","LINC02580"
"1576",""
"1577",""
"1578","RPS27AP6"
"1579",""
"1580",""
"1581","RPL22P24"
"1582","PHLPP2"
"1583","PMCH"
"1584",""
"1585","RNU6-1170P"
"1586","NTF4"
"1587","PRXL2A"
"1588","CCDC190"
"1589","ZNF426-DT"
"1590",""
"1591",""
"1592",""
"1593","TIGD4"
"1594",""
"1595","BEX1"
"1596","RPL26P13"
"1597","PTGES2"
"1598","CCZ1"
"1599",""
"1600",""
"1601","PEA15"
"1602","TPT1P6"
"1603",""
"1604","FAM182B"
"1605",""
"1606","ZRANB2"
"1607",""
"1608",""
"1609","EDDM3B"
"1610","OR2BH1P"
"1611","RNU6-303P"
"1612","KRTAP5-10"
"1613","HMGB1P51"
"1614","SLC5A4P1"
"1615","HSPD1P14"
"1616",""
"1617",""
"1618","RASA3-IT1"
"1619",""
"1620","FGFR4"
"1621","LYPD8"
"1622","OR2I1P"
"1623","TRBVA"
"1624","TMEM64"
"1625","DPRXP4"
"1626","SNORA63C"
"1627",""
"1628",""
"1629","RNU6-1091P"
"1630","MRPL47"
"1631","ETAA1"
"1632",""
"1633","ELF2"
"1634","SPOCK2"
"1635","IGHD5OR15-5A"
"1636","LINC00491"
"1637",""
"1638",""
"1639",""
"1640",""
"1641","MTHFD2P6"
"1642","MATK"
"1643","LUADT1"
"1644","CIB1"
"1645","BBS2"
"1646","ST13P2"
"1647","DENND6A"
"1648",""
"1649","CFHR2"
"1650","CD200R1"
"1651","HOXA-AS2"
"1652","RNF34"
"1653","DTX1"
"1654",""
"1655","RNU6-429P"
"1656",""
"1657",""
"1658",""
"1659",""
"1660","RPS6P2"
"1661","SLU7"
"1662","MAGIX"
"1663","EXOC8"
"1664","MIR150"
"1665","GAPDHP50"
"1666",""
"1667",""
"1668",""
"1669",""
"1670","HMGN2P32"
"1671",""
"1672","SF3A1"
"1673",""
"1674","PDE2A"
"1675","LINC01582"
"1676",""
"1677","MOB1AP2"
"1678",""
"1679","NFIA-AS1"
"1680",""
"1681",""
"1682","RNU7-61P"
"1683","XKR7"
"1684","LGSN"
"1685","DPH3P2"
"1686",""
"1687",""
"1688","DNTTIP2"
"1689",""
"1690","LINC02703"
"1691","LINC00298"
"1692","LINC00622"
"1693","TRMT10BP1"
"1694",""
"1695",""
"1696","CYP1B1"
"1697","GPR171"
"1698","ABCD1P5"
"1699","CUL1P1"
"1700",""
"1701","MAPRE3"
"1702",""
"1703",""
"1704",""
"1705",""
"1706",""
"1707",""
"1708","BCL2L2-PABPN1"
"1709","LINC01689"
"1710","LDHAP2"
"1711",""
"1712",""
"1713",""
"1714","KRTAP5-3"
"1715","HMGN2P11"
"1716",""
"1717","CLU"
"1718","KISS1"
"1719","CEND1P1"
"1720","RRAS2P1"
"1721","OR52B6"
"1722","GRHL3"
"1723",""
"1724","MIR649"
"1725","RPL17P20"
"1726","LINC01060"
"1727","BOP1"
"1728",""
"1729","GRAP"
"1730","SKOR2"
"1731","KRT8P9"
"1732","RN7SL627P"
"1733",""
"1734","CKLF"
"1735",""
"1736",""
"1737","MTFMT"
"1738",""
"1739",""
"1740","RPL21P50"
"1741",""
"1742","RNU6-1087P"
"1743","LIPC"
"1744",""
"1745","C15orf65"
"1746","DUX4L8"
"1747","APOOP2"
"1748","VN2R17P"
"1749","RNU6-195P"
"1750","RNF216-IT1"
"1751","RAD51AP1P1"
"1752",""
"1753",""
"1754","RPS7P11"
"1755","TDGF1P1"
"1756","ZNF639"
"1757",""
"1758","SDR16C5"
"1759","JAG2"
"1760","CDK14"
"1761","CCNY"
"1762",""
"1763",""
"1764","CRYBB2"
"1765",""
"1766","SCNM1"
"1767","RNU6-1327P"
"1768","LSM7"
"1769",""
"1770",""
"1771","IFNA21"
"1772","RNU6-271P"
"1773","RCC2"
"1774","MS4A15"
"1775","MIR23C"
"1776",""
"1777","GRAMD4P8"
"1778",""
"1779","OSR2"
"1780",""
"1781",""
"1782","BTNL2"
"1783","POLE"
"1784","CCDC144NL-AS1"
"1785","RNU7-160P"
"1786","TCP11"
"1787",""
"1788",""
"1789",""
"1790",""
"1791","MIR378D2HG"
"1792","PSMD6-AS2"
"1793","RNU5D-1"
"1794","HMGN1P1"
"1795",""
"1796","RN7SL222P"
"1797",""
"1798","DENND1C"
"1799","ATPAF2"
"1800","LNPEP"
"1801","PTGDR"
"1802","RN7SL291P"
"1803","NTSR2"
"1804","GPRIN2"
"1805","OVOL2"
"1806","LINC02015"
"1807","LINC02405"
"1808",""
"1809","TENM3-AS1"
"1810","LYZL1"
"1811","MIR4450"
"1812",""
"1813","CHURC1"
"1814","ENDOG"
"1815","SLC25A38"
"1816","N4BP2L2"
"1817","PCNX4"
"1818","RNU6-926P"
"1819","CFAP299"
"1820",""
"1821","CCL11"
"1822",""
"1823","BMP8B"
"1824","RNU6-1040P"
"1825",""
"1826","PRRT1"
"1827",""
"1828","RNU6-1300P"
"1829",""
"1830",""
"1831","LINC00426"
"1832","GAS1"
"1833","SF3B3"
"1834",""
"1835",""
"1836",""
"1837",""
"1838",""
"1839","CDK5RAP3"
"1840","HNRNPA1P74"
"1841","MIR1-1HG-AS1"
"1842","DESI2"
"1843","UBQLN1P1"
"1844",""
"1845","MIR2054"
"1846","CENPVL1"
"1847","HNRNPA3P7"
"1848","RN7SKP192"
"1849",""
"1850",""
"1851","IGKV2D-26"
"1852",""
"1853","RNU6-386P"
"1854",""
"1855","CDC42SE2"
"1856","TUBB4A"
"1857","PCDHGB4"
"1858","SSMEM1"
"1859","ZNF142"
"1860","TRHDE-AS1"
"1861",""
"1862","CEACAM22P"
"1863","NAA25"
"1864",""
"1865","HMGB1P39"
"1866",""
"1867",""
"1868","RPS12P5"
"1869","WASH5P"
"1870","RNU6-1336P"
"1871",""
"1872","BOD1"
"1873",""
"1874","STXBP5"
"1875","RN7SL454P"
"1876",""
"1877",""
"1878","POGLUT1"
"1879","HLA-DQB3"
"1880",""
"1881","SLC1A4"
"1882",""
"1883","GPX8"
"1884","KRT18P62"
"1885","TEX48"
"1886",""
"1887","CYP27C1"
"1888",""
"1889","PDE2A-AS2"
"1890","GPLD1"
"1891","IGHVIII-25-1"
"1892",""
"1893","CATSPERD"
"1894",""
"1895","GTF2I"
"1896",""
"1897","TUBA8"
"1898","EFHC2"
"1899","PPM1B-DT"
"1900",""
"1901","C5orf63"
"1902","LINC02388"
"1903",""
"1904","SELENOM"
"1905",""
"1906","RNA5SP159"
"1907","RN7SKP242"
"1908","RNU6-970P"
"1909","TMEM35B"
"1910","RNU6-57P"
"1911",""
"1912",""
"1913","NRK"
"1914","NCAPG2"
"1915","RPS6"
"1916",""
"1917",""
"1918","RNU6-30P"
"1919","HMGB1P3"
"1920","INHBC"
"1921",""
"1922","FCRLB"
"1923","XPO6"
"1924",""
"1925","ORC1P1"
"1926","LINC01819"
"1927","TPM1-AS"
"1928","RPL12P38"
"1929","RN7SL785P"
"1930","FAM90A1"
"1931",""
"1932","HNRNPCP9"
"1933",""
"1934","RFPL1S"
"1935","TRPC6P"
"1936","PIP4K2B"
"1937",""
"1938","MCRIP2P1"
"1939","ROCK2"
"1940","EEF1A1P37"
"1941","LINC00028"
"1942",""
"1943","ALKBH5"
"1944",""
"1945",""
"1946",""
"1947","OR5T1"
"1948",""
"1949","OR8A2P"
"1950","TJAP1"
"1951",""
"1952","EPS15L1"
"1953",""
"1954","RNU6-1165P"
"1955","RNA5SP267"
"1956",""
"1957",""
"1958","CFAP36"
"1959","ZNF736P8Y"
"1960","MIR548H3"
"1961",""
"1962","PFN4"
"1963","C17orf58"
"1964",""
"1965",""
"1966","ALKBH3"
"1967",""
"1968",""
"1969","ZNF205"
"1970",""
"1971","PAGE1"
"1972","RPSAP23"
"1973",""
"1974","FANCM"
"1975",""
"1976",""
"1977",""
"1978",""
"1979","DPPA2P3"
"1980","FAM87A"
"1981",""
"1982",""
"1983","LINC-PINT"
"1984","RGS22"
"1985",""
"1986","SAR1B"
"1987","DPY19L2P5"
"1988",""
"1989","RAF1P1"
"1990",""
"1991","ANAPC1"
"1992","ATP5F1AP4"
"1993","LMX1A-AS1"
"1994","RNU6-492P"
"1995","RNA5SP310"
"1996",""
"1997",""
"1998","PDE1A"
"1999","ABCF1"
"2000","OTUD6A"
"2001","LYZ"
"2002","DPY19L1P2"
"2003","RPS7P9"
"2004","ARPC3P5"
"2005","SNORA80B"
"2006","SSX2IP"
"2007","NFE2L1"
"2008","RCSD1"
"2009","SHISAL1"
"2010",""
"2011","TXNRD2"
"2012","RNA5SP419"
"2013","PINCR"
"2014",""
"2015","CES1"
"2016",""
"2017","PADI6"
"2018","LINC01168"
"2019","SRIP1"
"2020",""
"2021",""
"2022","USP32"
"2023","MED30"
"2024","ARSD"
"2025",""
"2026",""
"2027",""
"2028","SUFU"
"2029","BDH2"
"2030","ATXN1L"
"2031","SLC25A4"
"2032","APOC1P1"
"2033",""
"2034","IL17REL"
"2035","LINC02687"
"2036","FRG2KP"
"2037","BCO1"
"2038","GNB1L"
"2039",""
"2040","TRIM52"
"2041","TSC22D2"
"2042","FAM126B"
"2043",""
"2044","SEH1L"
"2045","LINC02247"
"2046",""
"2047","ZBTB20-AS1"
"2048","UBE2MP1"
"2049","OR5L1"
"2050","MIR4760"
"2051",""
"2052","SLC10A6"
"2053","C19orf85"
"2054","RAD17P2"
"2055","RER1"
"2056","MT-TN"
"2057","IGHGP"
"2058",""
"2059","IRGC"
"2060","RPL29P33"
"2061",""
"2062",""
"2063","GOLGA8J"
"2064","KCNT2"
"2065","RNU6-661P"
"2066","RNA5SP69"
"2067","CT47A10"
"2068","LINC00993"
"2069",""
"2070","INKA2-AS1"
"2071","CLDN12"
"2072",""
"2073","SLC22A8"
"2074",""
"2075","TCOF1"
"2076","IFT20"
"2077","TREML1"
"2078",""
"2079","ERGIC2"
"2080","MYMK"
"2081","NENFP3"
"2082","MOSPD2"
"2083","IGHVIII-47-1"
"2084","KLF3-AS1"
"2085","SORCS2"
"2086",""
"2087",""
"2088","FAM66C"
"2089","TSG101"
"2090","HCG14"
"2091",""
"2092",""
"2093",""
"2094","RAD51-AS1"
"2095","IGHV3-19"
"2096","LINC00841"
"2097",""
"2098",""
"2099","ST6GAL2-IT1"
"2100","RNU7-156P"
"2101",""
"2102","EFS"
"2103","LINC01618"
"2104","SCARNA10"
"2105","WNT8B"
"2106","BGN"
"2107","KLHL31"
"2108","LINC01132"
"2109","RNA5SP64"
"2110",""
"2111",""
"2112","LINC02056"
"2113","GPR158"
"2114",""
"2115",""
"2116","GTPBP2"
"2117","GTF3C5"
"2118","SHOC1"
"2119","FGF20"
"2120","RPL36P1"
"2121","ACSL3"
"2122",""
"2123",""
"2124","DCHS1"
"2125","GOLGA2P4"
"2126","MOGAT3"
"2127",""
"2128","ATRX"
"2129","ANXA3"
"2130","C9orf92"
"2131","IGHV1OR16-2"
"2132","TRIM44"
"2133","GUCY1A1"
"2134","TRAF3IP2-AS1"
"2135",""
"2136","KMT5AP2"
"2137","C1orf159"
"2138",""
"2139","PARD3"
"2140","HNF1B"
"2141",""
"2142",""
"2143",""
"2144",""
"2145","ST13P10"
"2146","ITIH2"
"2147","DHX32"
"2148","FCF1P6"
"2149","YTHDF2P1"
"2150",""
"2151",""
"2152","TBP"
"2153","KRT18P67"
"2154",""
"2155",""
"2156",""
"2157",""
"2158","LDHAP1"
"2159","RPSAP15"
"2160",""
"2161",""
"2162",""
"2163","ZNF236-DT"
"2164",""
"2165","CILP2"
"2166","NIPSNAP1"
"2167","IGHVIV-44-1"
"2168",""
"2169","FCRL5"
"2170","CYCSP33"
"2171","UQCRHP1"
"2172","CHIA"
"2173","AFF3"
"2174","CYP2C18"
"2175","HSPD1P8"
"2176",""
"2177",""
"2178","ADGRF5P1"
"2179","SLC27A6"
"2180","TMEM147-AS1"
"2181","ELOCP8"
"2182","ABCB10P1"
"2183",""
"2184",""
"2185","SNORD13D"
"2186","ZNF853"
"2187","PM20D2"
"2188",""
"2189","CDC27P2"
"2190","CCDC175"
"2191","SYNJ1"
"2192","PRRX2-AS1"
"2193","RTN4IP1"
"2194",""
"2195","MTMR6"
"2196","SNORD114-4"
"2197","HMX3"
"2198","BCAS2P3"
"2199","MYO16-AS1"
"2200",""
"2201","METAP1"
"2202",""
"2203","SLC45A3"
"2204",""
"2205","RN7SKP174"
"2206",""
"2207","CTBP2P5"
"2208",""
"2209","WEE2"
"2210",""
"2211","DERL2"
"2212","RTN3"
"2213",""
"2214","RPL12P11"
"2215","MTND4LP21"
"2216","SPANXN1"
"2217","NKAPL"
"2218","IL24"
"2219","DMAC1"
"2220","ZNF276"
"2221",""
"2222",""
"2223","HNRNPA1P60"
"2224","LINC01802"
"2225","OR2K2"
"2226","MTCO2P7"
"2227","SORBS3"
"2228","PPP1R14BP2"
"2229","F7"
"2230","IGLVV-66"
"2231","CCN4"
"2232",""
"2233",""
"2234","ZBTB12"
"2235","RPSAP57"
"2236","ATP5PO"
"2237","TIMM29"
"2238","BCL2L12"
"2239","TRAJ2"
"2240","HMGN1P8"
"2241",""
"2242","WASIR2"
"2243",""
"2244","GPR37"
"2245",""
"2246","HNRNPKP5"
"2247",""
"2248","MIR188"
"2249","MTFR2P1"
"2250","MAPK8IP3"
"2251",""
"2252","ZXDC"
"2253","MIR5692B"
"2254",""
"2255",""
"2256",""
"2257",""
"2258",""
"2259","XPO7"
"2260","RBMX"
"2261","RNU6-880P"
"2262",""
"2263",""
"2264","RNU6-1337P"
"2265","CCS"
"2266","EIF2AP4"
"2267","RN7SL457P"
"2268","IGLV3-7"
"2269","TRHDE"
"2270","KCNH7-AS1"
"2271","MIR4261"
"2272","RPL23AP87"
"2273","FKBP1C"
"2274","ELF2P4"
"2275","FKBP7"
"2276",""
"2277",""
"2278","PCBP2-OT1"
"2279",""
"2280","RRAS"
"2281","ALG1L9P"
"2282","JDP2"
"2283","RPL32P32"
"2284","SBSPON"
"2285",""
"2286",""
"2287","CAMK2G"
"2288","HMGN2P28"
"2289","ZNRF3"
"2290","GNG13"
"2291","DUSP5P1"
"2292","PITRM1"
"2293","PNMA6F"
"2294","HLCS"
"2295","CXXC4"
"2296",""
"2297","TMCO5A"
"2298","MIR148B"
"2299",""
"2300","FABP5P13"
"2301","SGTB"
"2302","RNASEH2C"
"2303","OR11J7P"
"2304","RN7SL182P"
"2305",""
"2306",""
"2307","LINC02450"
"2308","C3orf52"
"2309",""
"2310","YME1L1P1"
"2311","DCUN1D2-AS"
"2312","MAPKAP1"
"2313",""
"2314",""
"2315",""
"2316",""
"2317","IGLVVI-22-1"
"2318",""
"2319","IGKV1-5"
"2320","ACAN"
"2321","UBE4A"
"2322",""
"2323","C7orf25"
"2324",""
"2325","GAS5-AS1"
"2326",""
"2327","LINC01651"
"2328",""
"2329","OR6K1P"
"2330","KLHDC7A"
"2331","SOWAHCP2"
"2332","LINC00663"
"2333",""
"2334","LRRC75A"
"2335",""
"2336","IFNA16"
"2337",""
"2338","SYNC"
"2339",""
"2340",""
"2341",""
"2342","MIR7155"
"2343","PHTF1"
"2344",""
"2345","MRPS17P9"
"2346","FAM242F"
"2347","EIF1P3"
"2348","OR10AE3P"
"2349","IFNAR1"
"2350",""
"2351",""
"2352",""
"2353",""
"2354","ABCA6"
"2355","MEIS1-AS3"
"2356","MAN1A2"
"2357","LINC00410"
"2358","IGHG3"
"2359","SCTR"
"2360","RN7SL127P"
"2361",""
"2362",""
"2363","DEFT1P2"
"2364","RPL22P16"
"2365",""
"2366","CCDC28A"
"2367","TMEM253"
"2368","A3GALT2"
"2369","MTCO1P47"
"2370","TBC1D3P1"
"2371","RHOXF1P2"
"2372","OR6M2P"
"2373","KLHL4"
"2374","KDM7A"
"2375",""
"2376","SNORD41"
"2377","OR2Q1P"
"2378",""
"2379","BISPR"
"2380",""
"2381",""
"2382","C15orf39"
"2383","MIR2278"
"2384",""
"2385","MIR3192"
"2386",""
"2387",""
"2388","RNA5SP273"
"2389","MSL2"
"2390",""
"2391","TGIF2P1"
"2392",""
"2393",""
"2394",""
"2395","RPS19P3"
"2396","ZBED3-AS1"
"2397",""
"2398",""
"2399","LINC02831"
"2400","CLPS"
"2401","SIRPD"
"2402","LINC00671"
"2403","BNIP3P37"
"2404","RPS6P4"
"2405","MIR4319"
"2406","RNA5SP315"
"2407","RNU6-1135P"
"2408","RNU1-24P"
"2409","B3GAT3P1"
"2410","MED12"
"2411","RNU6-932P"
"2412","SPATA4"
"2413","RNU6-355P"
"2414",""
"2415","RPL35AP11"
"2416",""
"2417","KLF8P1"
"2418",""
"2419","ATAD2B"
"2420",""
"2421","SEC61B"
"2422","RN7SL769P"
"2423",""
"2424","RPL31P2"
"2425",""
"2426","KYNUP2"
"2427",""
"2428","LINC02473"
"2429","ZSCAN18"
"2430","PTBP3"
"2431","LINC02249"
"2432","MIR6873"
"2433","HNF4G"
"2434",""
"2435","TTC41P"
"2436","DUTP3"
"2437","TRAV40"
"2438","RPS3AP12"
"2439","LINC02165"
"2440","GPC6-AS1"
"2441","BTN2A3P"
"2442","MYZAP"
"2443","MIR3133"
"2444","BMS1P10"
"2445","SNORD115-33"
"2446","KCNG2"
"2447",""
"2448","MIR1285-2"
"2449","GM2AP2"
"2450","SNX19"
"2451",""
"2452",""
"2453",""
"2454","SEMA4B"
"2455","RPL23AP1"
"2456","LRRN4"
"2457","S100A15A"
"2458","ZNF200"
"2459","PHF12"
"2460","TTTY3"
"2461","LINC02225"
"2462","MIR6846"
"2463","FAM66A"
"2464","CAMK2N1"
"2465","HCN4"
"2466","TMEM262"
"2467","LINC00550"
"2468","RN7SL172P"
"2469",""
"2470",""
"2471","ROR1"
"2472","LINC01143"
"2473",""
"2474","RPL34P33"
"2475","LINC02011"
"2476","ANKRD6"
"2477","UBN2"
"2478","IKZF4"
"2479","RPS3AP38"
"2480","IGKV2D-38"
"2481","OR2AT2P"
"2482",""
"2483","NXPH3"
"2484","BCAR1P2"
"2485","MRPL50P4"
"2486","CLEC4D"
"2487","RSL24D1P3"
"2488","PGAM1P10"
"2489","HNRNPA1P31"
"2490","ZPR1"
"2491","H1-4"
"2492","ISCA1P6"
"2493","SFTA2"
"2494","RPL4P3"
"2495","TFDP1"
"2496","SLC6A12"
"2497",""
"2498","APC2"
"2499",""
"2500",""
"2501",""
"2502","HP"
"2503","CACNG7"
"2504",""
"2505",""
"2506","ENY2"
"2507",""
"2508","RPL7P34"
"2509","MIR4260"
"2510","CCDC137"
"2511","OR1M1"
"2512","KRT18P51"
"2513","FTLP13"
"2514",""
"2515","B4GALNT2"
"2516","PNLIPRP3"
"2517","CPP"
"2518",""
"2519","TMEM251P1"
"2520","TUB-AS1"
"2521",""
"2522","RNU6-375P"
"2523","RNU6-1001P"
"2524",""
"2525","DAZ2"
"2526","TBX5-AS1"
"2527",""
"2528",""
"2529",""
"2530",""
"2531",""
"2532","ARL2"
"2533","RNU6-505P"
"2534","TRABD2A"
"2535",""
"2536","SPDYE22P"
"2537","RNA5SP243"
"2538","ZNF101"
"2539","PYURF"
"2540",""
"2541",""
"2542",""
"2543","IGHV3OR16-11"
"2544","GPRIN1"
"2545","CT62"
"2546","MIR1277"
"2547",""
"2548","LINC01805"
"2549","MTDHP2"
"2550",""
"2551",""
"2552","SCML2P1"
"2553","CDK17"
"2554","USP18"
"2555","RNA5SP48"
"2556","TRBV5-1"
"2557","ADIPOR1"
"2558","LINC00395"
"2559","IMMP1LP3"
"2560",""
"2561","OR6C66P"
"2562","RPS3AP53"
"2563",""
"2564","COLCA1"
"2565","RN7SKP77"
"2566","LRRC74A"
"2567","SNORA1"
"2568",""
"2569","ARPC3P2"
"2570","MIR185"
"2571","FAM192BP"
"2572",""
"2573","LINC01436"
"2574","GCSH"
"2575",""
"2576","SEMA4F"
"2577",""
"2578","RN7SKP261"
"2579",""
"2580","OR7E21P"
"2581","RNU2-19P"
"2582","CFAP58-DT"
"2583","LCE1F"
"2584",""
"2585",""
"2586","LINC00879"
"2587","FGF13"
"2588","RN7SL782P"
"2589",""
"2590",""
"2591","ASXL1"
"2592","SPTBN5"
"2593","RNA5SP272"
"2594",""
"2595","ZDHHC17"
"2596",""
"2597","MIR8063"
"2598",""
"2599","RPS29P2"
"2600","RSU1P2"
"2601","SAMD15"
"2602","PMP22"
"2603","RNU7-157P"
"2604","TOR3A"
"2605",""
"2606","TRGV10"
"2607","RPL32P5"
"2608","STXBP5L"
"2609","MED28"
"2610","ZMAT2"
"2611","FTLP16"
"2612","RN7SL150P"
"2613",""
"2614","RDH5"
"2615","NEK3"
"2616",""
"2617","MARK1"
"2618","TIMM17A"
"2619","ONECUT3"
"2620","SNRNP200"
"2621",""
"2622","INO80E"
"2623","SCDP1"
"2624",""
"2625",""
"2626","IFNA6"
"2627","E2F5"
"2628",""
"2629","FALEC"
"2630","MTND1P29"
"2631","FNDC5"
"2632",""
"2633","ADAM19"
"2634","MISP3"
"2635","ATP6V1G1P2"
"2636",""
"2637","OR4F6"
"2638","CNGA3"
"2639",""
"2640","RN7SL280P"
"2641","SMCO1"
"2642",""
"2643","TGFBR2"
"2644","CCDC60"
"2645","MCM8-AS1"
"2646","ZNF671"
"2647","MMADHC-DT"
"2648","KRT8P21"
"2649","LINC01099"
"2650","PNKD"
"2651","LYPD9P"
"2652",""
"2653",""
"2654",""
"2655","MTRNR2L8"
"2656","LINC01160"
"2657","ST13P13"
"2658",""
"2659","PLEKHA2"
"2660","SEC23A-AS1"
"2661","MIR548AT"
"2662","F11-AS1"
"2663","DNAJC24"
"2664","GSTZ1"
"2665",""
"2666","MIR4436B1"
"2667","RNY1P15"
"2668","LRP11"
"2669","GBA3"
"2670",""
"2671","NPRL2"
"2672","TTC4"
"2673","B3GALNT2P1"
"2674","MIR4637"
"2675",""
"2676",""
"2677","FRG2DP"
"2678",""
"2679","HMGB3P18"
"2680",""
"2681",""
"2682","DEFB133"
"2683",""
"2684","MIR6756"
"2685","CYB561D2"
"2686",""
"2687","PGS1"
"2688","AGBL4"
"2689","DAZL"
"2690","MIR625"
"2691",""
"2692","IGFBP7-AS1"
"2693","SERPINB8"
"2694",""
"2695","SEC11C"
"2696","RN7SL679P"
"2697","HEXIM2"
"2698","TEX43"
"2699","IGKV1-39"
"2700",""
"2701","TOMM70"
"2702","SLC4A8-AS1"
"2703","ARL4AP3"
"2704","NOS2P1"
"2705",""
"2706",""
"2707",""
"2708",""
"2709","MIR29A"
"2710",""
"2711","NOB1"
"2712","EPB41L4B"
"2713","MIR4717"
"2714","FXYD1"
"2715","ARID2"
"2716","GABRE"
"2717",""
"2718","MRPL35P1"
"2719","OR7E15P"
"2720","SP6"
"2721","FAM151B"
"2722","CAMKK2"
"2723","MIR3178"
"2724",""
"2725",""
"2726","ZNF761"
"2727",""
"2728","CLEC11A"
"2729",""
"2730","RCN2"
"2731","PRKCE-AS1"
"2732","LINC01494"
"2733",""
"2734","LRRC37B"
"2735","RNA5SP187"
"2736","SNRPGP7"
"2737","RBMS2P1"
"2738","PITPNM1"
"2739","OR52J2P"
"2740",""
"2741","TAAR4P"
"2742","TPPP2"
"2743","TAT-AS1"
"2744","LINC00605"
"2745","SMC2-DT"
"2746",""
"2747","RNU6-541P"
"2748",""
"2749","TSPY7P"
"2750","DYNLL1P7"
"2751",""
"2752","EDNRB"
"2753","RAB1B"
"2754","SETP7"
"2755","ANOS1"
"2756","LINC01751"
"2757","SHROOM3-AS1"
"2758","SUMO2P8"
"2759","HSPD1P1"
"2760","GDI1"
"2761","PLCB4"
"2762","RPL3"
"2763",""
"2764",""
"2765","MYO15A"
"2766","KCNAB2"
"2767",""
"2768",""
"2769","ACSM1"
"2770","ETF1P3"
"2771","ERVH48-1"
"2772","GAPVD1"
"2773","MTRF1LP1"
"2774","ENPP7P4"
"2775","AKTIP"
"2776",""
"2777","FNDC7"
"2778","RPL21P93"
"2779","LINC00313"
"2780","SMIM1"
"2781","ZNF192P2"
"2782",""
"2783","RPL37P4"
"2784","ZXDB"
"2785",""
"2786","VN1R5"
"2787","HHIPL2"
"2788","ITGB6"
"2789",""
"2790",""
"2791","H3P23"
"2792","SPATA13"
"2793","HAUS2"
"2794","GALNT16"
"2795","DNAJC9"
"2796","SUCLG2"
"2797","TAFA4"
"2798","FXYD4"
"2799","DNASE2"
"2800",""
"2801",""
"2802","LINC02882"
"2803","NUP35"
"2804","CYP26A1"
"2805","GOLGA5"
"2806",""
"2807","SPINK5"
"2808","CRIP1P2"
"2809",""
"2810","ATP5F1AP8"
"2811","SP7"
"2812",""
"2813",""
"2814","NPM1P10"
"2815","TAF11L7"
"2816","LINC01491"
"2817",""
"2818","DEFB131C"
"2819","FAHD2A"
"2820",""
"2821","SPAST"
"2822","EIF3JP1"
"2823",""
"2824","MIR5047"
"2825","CD27-AS1"
"2826",""
"2827",""
"2828","TRIM36"
"2829","BRWD1P1"
"2830","CBFB"
"2831","YEATS2"
"2832","ZYG11AP1"
"2833",""
"2834","SNORA70"
"2835","PCAT4"
"2836","KRT8P17"
"2837","BNIP3P30"
"2838",""
"2839",""
"2840","FAM120C"
"2841",""
"2842",""
"2843","CKMT1B"
"2844","PGM3"
"2845",""
"2846","RPL10AP5"
"2847","SPART"
"2848","INKA2"
"2849",""
"2850","LINC00254"
"2851","EXOC6B"
"2852","CRYBA2"
"2853","NKAP"
"2854","RN7SKP237"
"2855","GOLIM4"
"2856","HSPD1P13"
"2857","IGHD3-3"
"2858","CCND3P2"
"2859",""
"2860","RNU7-34P"
"2861","IGHVII-60-1"
"2862",""
"2863","ADIPOR1P1"
"2864","TRBV21OR9-2"
"2865",""
"2866","SPINK8"
"2867","RAB38"
"2868",""
"2869","LINC00327"
"2870","PIP5KL1"
"2871",""
"2872","RN7SKP40"
"2873","EFCAB11"
"2874","CCDC70"
"2875","PYM1"
"2876","RPS29P14"
"2877",""
"2878","ARHGEF38-IT1"
"2879","RNU6-577P"
"2880",""
"2881","PMS2P9"
"2882","GPR82"
"2883",""
"2884","PRSS56"
"2885","ACTR3BP7"
"2886",""
"2887","LINC02857"
"2888","RPS3AP10"
"2889","RNU6-518P"
"2890","KHSRP"
"2891","C10orf53"
"2892","RNA5SP516"
"2893","RNU6-992P"
"2894","RNU6-397P"
"2895","DUXAP3"
"2896",""
"2897","BRDTP1"
"2898","LINC00844"
"2899",""
"2900",""
"2901",""
"2902","POU5F1P4"
"2903","TNNI1"
"2904","RN7SKP16"
"2905",""
"2906","NRCAM"
"2907","LEXM"
"2908","CDK20"
"2909","HDAC1"
"2910",""
"2911",""
"2912","VN1R66P"
"2913","OR5M4P"
"2914","OR52R1"
"2915","GPR199P"
"2916",""
"2917","RN7SL766P"
"2918",""
"2919","RRBP1"
"2920","MIR3175"
"2921","MEF2C-AS1"
"2922",""
"2923","MTCO1P51"
"2924","CARMIL3"
"2925","POU3F2"
"2926","SNORD56"
"2927","EIF3A"
"2928","POMT1"
"2929",""
"2930","SNORD42B"
"2931","NTM-AS1"
"2932","ARRB1"
"2933","MIR3662"
"2934","CEACAM3"
"2935",""
"2936","BBS1"
"2937","ZNF652P1"
"2938",""
"2939","RNLS"
"2940","EVA1A-AS"
"2941","TAAR9"
"2942",""
"2943","MFSD4BP1"
"2944",""
"2945","MTND1P27"
"2946","SLC35E3"
"2947","RABL6"
"2948","OR4A6P"
"2949",""
"2950",""
"2951",""
"2952","RPSAP14"
"2953","DNAJA2"
"2954","ETDC"
"2955","SLC24A1"
"2956","MFSD3"
"2957",""
"2958",""
"2959",""
"2960",""
"2961",""
"2962",""
"2963",""
"2964","RNA5SP116"
"2965","BPGM"
"2966",""
"2967",""
"2968","NANP"
"2969","RNY4P14"
"2970","LINC01002"
"2971","MRPL38"
"2972","PDGFC"
"2973","MIS12"
"2974","CYCSP55"
"2975","RPSAP75"
"2976","OACYLP"
"2977",""
"2978",""
"2979","LOXL1"
"2980","ASGR1"
"2981","ANKRD65"
"2982",""
"2983","LINC02233"
"2984","EIF4G1"
"2985","DAGLA"
"2986","OXCT2"
"2987",""
"2988","KCNH2"
"2989","PLAGL1"
"2990",""
"2991",""
"2992","LRRC10B"
"2993",""
"2994","EMILIN2"
"2995",""
"2996","C10orf143"
"2997","LINC01764"
"2998",""
"2999","YWHAQP6"
"3000","GALNTL6"
